,total time,mse train,mse test
0,2.0079119205474854,72.32064688784041,81.44225499275701
1,2.792663812637329,4.636008467785165,4.8402803259878135
3,2.691711664199829,65.72574388352666,71.85534711871696
4,3.3260650634765625,4.852330623066178,5.294541437768882
